,mean_fit_time,std_fit_time,mean_score_time,std_score_time,param_depth,params,split0_test_score,split1_test_score,split2_test_score,mean_test_score,std_test_score,rank_test_score,split0_train_score,split1_train_score,split2_train_score,mean_train_score,std_train_score
1,0.8549864292144775,0.018760223326405843,0.002260923385620117,0.0002889098720203639,5,{'depth': 5},0.9850746268656716,0.9545454545454546,0.9848484848484849,0.9748743718592965,0.014320871360094417,1,1.0,1.0,1.0,1.0,0.0
0,0.9643011093139648,0.11995210310619049,0.002832492192586263,0.001566602896484114,4,{'depth': 4},0.9701492537313433,0.9545454545454546,0.9924242424242424,0.9723618090452262,0.01550538201869238,2,1.0,1.0,1.0,1.0,0.0
4,2.402855078379313,0.06803535516461469,0.0031181971232096353,0.001690000341858176,8,{'depth': 8},0.9776119402985075,0.9545454545454546,0.9772727272727273,0.9698492462311558,0.010781547700711068,3,1.0,1.0,1.0,1.0,0.0
5,4.365704298019409,0.10147894698842037,0.003222227096557617,0.0014926885525750702,9,{'depth': 9},0.9776119402985075,0.946969696969697,0.9848484848484849,0.9698492462311558,0.016386528156042995,3,1.0,1.0,1.0,1.0,0.0
6,9.294940312703451,1.023358178071415,0.002546389897664388,0.0006306511784249635,10,{'depth': 10},0.9776119402985075,0.946969696969697,0.9848484848484849,0.9698492462311558,0.016386528156042995,3,1.0,1.0,1.0,1.0,0.0
2,1.0989680290222168,0.03053294596254128,0.0017617543538411458,7.582568807191082e-05,6,{'depth': 6},0.9701492537313433,0.946969696969697,0.9696969696969697,0.9623115577889447,0.010809054729871941,6,1.0,1.0,1.0,1.0,0.0
3,1.5754899978637695,0.14201332705334047,0.0017979145050048828,4.1642110126262925e-05,7,{'depth': 7},0.9776119402985075,0.9393939393939394,0.9696969696969697,0.9623115577889447,0.01646514149408493,6,1.0,1.0,1.0,1.0,0.0
